,id,Name,Team,Pos,Pos Rk,FF Pt,G,P Att,Comp,P Yds,P TD,INT,Sk,Carry,Ru Yds,Ru TD,Targ,Rec,Re Yd,Re TD,Car%,Targ%,SCK,FR,TD,PA,YA
0,QB1,Patrick Mahomes,KC,QB,1,371.0,16.0,605.0,399.0,4696.0,39.0,11.0,31.0,59.0,333.0,3.0,,,,,,,,,,,
1,QB2,Josh Allen,BUF,QB,2,357.0,16.0,578.0,367.0,4182.0,31.0,13.0,37.0,113.0,628.0,6.0,,,,,,,,,,,
2,QB3,Jalen Hurts,PHI,QB,3,337.0,15.0,467.0,299.0,3507.0,22.0,10.0,35.0,142.0,670.0,12.0,,,,,,,,,,,
3,QB4,Joe Burrow,CIN,QB,4,336.0,16.0,589.0,400.0,4503.0,33.0,12.0,45.0,70.0,255.0,5.0,,,,,,,,,,,
4,QB5,Lamar Jackson,BLT,QB,5,327.0,15.0,459.0,288.0,3358.0,25.0,12.0,36.0,143.0,922.0,5.0,,,,,,,,,,,
5,QB6,Justin Fields,CHI,QB,6,309.0,15.0,441.0,276.0,3195.0,21.0,12.0,39.0,139.0,912.0,6.0,,,,,,,,,,,
6,QB7,Deshaun Watson,CLV,QB,7,297.0,16.0,484.0,315.0,3760.0,25.0,11.0,42.0,99.0,485.0,4.0,,,,,,,,,,,
7,QB8,Justin Herbert,LAC,QB,8,296.0,16.0,602.0,402.0,4305.0,30.0,11.0,35.0,60.0,202.0,1.0,,,,,,,,,,,
8,QB9,Kirk Cousins,MIN,QB,9,285.0,16.0,596.0,394.0,4491.0,28.0,12.0,40.0,30.0,102.0,2.0,,,,,,,,,,,
9,QB10,Trevor Lawrence,JAX,QB,10,282.0,16.0,563.0,363.0,3895.0,26.0,13.0,34.0,64.0,305.0,4.0,,,,,,,,,,,
10,QB11,Dak Prescott,DAL,QB,11,282.0,16.0,538.0,353.0,4094.0,26.0,13.0,32.0,58.0,242.0,3.0,,,,,,,,,,,
11,QB12,Geno Smith,SEA,QB,12,271.0,16.0,545.0,365.0,3922.0,27.0,12.0,43.0,55.0,275.0,1.0,,,,,,,,,,,
12,QB13,Russell Wilson,DEN,QB,13,271.0,16.0,516.0,326.0,3845.0,23.0,11.0,45.0,63.0,323.0,3.0,,,,,,,,,,,
13,QB14,Aaron Rodgers,NYJ,QB,14,269.0,16.0,551.0,355.0,4017.0,28.0,10.0,36.0,36.0,110.0,1.0,,,,,,,,,,,
14,QB15,Daniel Jones,NYG,QB,15,269.0,15.0,512.0,332.0,3385.0,20.0,10.0,41.0,101.0,554.0,4.0,,,,,,,,,,,
15,QB16,Tua Tagovailoa,MIA,QB,16,257.0,15.0,529.0,348.0,3918.0,26.0,12.0,34.0,45.0,140.0,2.0,,,,,,,,,,,
16,QB17,Jared Goff,DET,QB,17,244.0,16.0,554.0,365.0,3940.0,24.0,11.0,31.0,33.0,83.0,2.0,,,,,,,,,,,
17,QB18,Anthony Richardson,IND,QB,18,243.0,15.0,444.0,269.0,2893.0,16.0,13.0,40.0,118.0,652.0,5.0,,,,,,,,,,,
18,QB19,Kenny Pickett,PIT,QB,19,240.0,15.0,496.0,319.0,3417.0,21.0,12.0,35.0,59.0,265.0,3.0,,,,,,,,,,,
19,QB20,Derek Carr,NO,QB,20,238.0,16.0,521.0,344.0,3873.0,23.0,12.0,33.0,34.0,128.0,1.0,,,,,,,,,,,
20,QB21,Matthew Stafford,LAR,QB,21,238.0,15.0,560.0,372.0,4285.0,21.0,13.0,37.0,29.0,70.0,1.0,,,,,,,,,,,
21,QB22,Jimmy Garoppolo,LV,QB,22,218.0,14.0,498.0,337.0,3888.0,19.0,13.0,34.0,33.0,47.0,2.0,,,,,,,,,,,
22,QB23,Ryan Tannehill,TEN,QB,23,213.0,14.0,438.0,289.0,3350.0,17.0,10.0,35.0,47.0,183.0,3.0,,,,,,,,,,,
23,QB24,Jordan Love,GB,QB,24,212.0,15.0,500.0,316.0,3525.0,20.0,14.0,34.0,46.0,172.0,2.0,,,,,,,,,,,
24,QB25,Bryce Young,CAR,QB,25,206.0,15.0,519.0,322.0,3560.0,18.0,13.0,41.0,46.0,162.0,1.0,,,,,,,,,,,
25,QB26,Brock Purdy,SF,QB,26,201.0,13.0,403.0,265.0,2988.0,19.0,10.0,29.0,41.0,118.0,3.0,,,,,,,,,,,
26,QB27,Mac Jones,NE,QB,27,194.0,14.0,483.0,321.0,3347.0,17.0,12.0,33.0,47.0,124.0,1.0,,,,,,,,,,,
27,QB28,Sam Howell,WAS,QB,28,191.0,13.0,445.0,278.0,3024.0,14.0,12.0,35.0,66.0,297.0,2.0,,,,,,,,,,,
28,QB29,C.J. Stroud,HST,QB,29,187.0,15.0,504.0,308.0,3288.0,17.0,14.0,41.0,43.0,128.0,1.0,,,,,,,,,,,
29,QB30,Kyler Murray,ARZ,QB,30,177.0,10.0,343.0,227.0,2354.0,13.0,8.0,23.0,59.0,350.0,3.0,,,,,,,,,,,
30,QB31,Desmond Ridder,ATL,QB,31,170.0,13.0,389.0,246.0,2756.0,15.0,9.0,28.0,39.0,170.0,2.0,,,,,,,,,,,
31,QB32,Baker Mayfield,TB,QB,32,137.0,10.0,348.0,219.0,2412.0,12.0,9.0,27.0,30.0,104.0,1.0,,,,,,,,,,,
32,QB33,Kyle Trask,TB,QB,33,91.0,7.0,240.0,153.0,1597.0,8.0,6.0,18.0,19.0,58.0,1.0,,,,,,,,,,,
33,QB34,Colt McCoy,ARZ,QB,34,62.0,5.0,182.0,119.0,1175.0,5.0,4.0,14.0,17.0,50.0,0.0,,,,,,,,,,,
34,QB35,Jacoby Brissett,WAS,QB,35,55.0,4.0,139.0,87.0,907.0,4.0,3.0,10.0,15.0,67.0,1.0,,,,,,,,,,,
35,QB36,Taylor Heinicke,ATL,QB,36,53.0,4.0,118.0,74.0,837.0,4.0,3.0,9.0,14.0,67.0,1.0,,,,,,,,,,,
36,QB37,Will Levis,TEN,QB,37,43.0,3.0,90.0,56.0,619.0,4.0,3.0,8.0,12.0,62.0,0.0,,,,,,,,,,,
37,QB38,Brian Hoyer,LV,QB,38,42.0,3.0,104.0,66.0,702.0,4.0,3.0,8.0,9.0,24.0,0.0,,,,,,,,,,,
38,QB39,Marcus Mariota,PHI,QB,39,41.0,2.0,60.0,38.0,462.0,3.0,2.0,5.0,13.0,72.0,1.0,,,,,,,,,,,
39,QB40,Bailey Zappe,NE,QB,40,40.0,3.0,105.0,68.0,696.0,3.0,3.0,7.0,11.0,34.0,0.0,,,,,,,,,,,
40,RB1,Austin Ekeler,LAC,RB,1,274.0,14.0,,,,,,,193.0,836.0,9.0,82.0,67.0,500.0,3.0,46%,13%,,,,,
41,RB2,Christian McCaffrey,SF,RB,2,271.0,14.0,,,,,,,192.0,873.0,7.0,86.0,69.0,547.0,3.0,40%,17%,,,,,
42,RB3,Derrick Henry,TEN,RB,3,256.0,14.0,,,,,,,317.0,1367.0,9.0,42.0,32.0,285.0,1.0,67%,8%,,,,,
43,RB4,Bijan Robinson,ATL,RB,4,256.0,14.0,,,,,,,247.0,1126.0,8.0,64.0,50.0,374.0,2.0,50%,13%,,,,,
44,RB5,Saquon Barkley,NYG,RB,5,254.0,14.0,,,,,,,235.0,1006.0,8.0,73.0,54.0,430.0,2.0,56%,13%,,,,,
45,RB6,Josh Jacobs,LV,RB,6,250.0,14.0,,,,,,,259.0,1159.0,9.0,54.0,42.0,309.0,1.0,64%,9%,,,,,
46,RB7,Tony Pollard,DAL,RB,7,245.0,14.0,,,,,,,245.0,1165.0,8.0,51.0,39.0,317.0,2.0,49%,9%,,,,,
47,RB8,Nick Chubb,CLV,RB,8,238.0,14.0,,,,,,,262.0,1238.0,9.0,40.0,30.0,274.0,1.0,55%,8%,,,,,
48,RB9,Jonathan Taylor,IND,RB,9,229.0,13.0,,,,,,,268.0,1222.0,8.0,44.0,32.0,253.0,1.0,57%,9%,,,,,
49,RB10,Joe Mixon,CIN,RB,10,226.0,14.0,,,,,,,202.0,828.0,7.0,61.0,49.0,353.0,3.0,53%,10%,,,,,
50,RB11,Aaron Jones,GB,RB,11,223.0,14.0,,,,,,,189.0,935.0,4.0,66.0,52.0,403.0,3.0,43%,12%,,,,,
51,RB12,Najee Harris,PIT,RB,12,215.0,14.0,,,,,,,243.0,963.0,6.0,55.0,43.0,274.0,2.0,54%,10%,,,,,
52,RB13,Travis Etienne,JAX,RB,13,215.0,14.0,,,,,,,215.0,978.0,6.0,52.0,40.0,322.0,2.0,50%,9%,,,,,
53,RB14,Jahmyr Gibbs,DET,RB,14,212.0,14.0,,,,,,,167.0,743.0,7.0,63.0,48.0,381.0,2.0,37%,11%,,,,,
54,RB15,Rhamondre Stevenson,NE,RB,15,206.0,14.0,,,,,,,194.0,860.0,5.0,63.0,49.0,342.0,1.0,46%,11%,,,,,
55,RB16,James Conner,ARZ,RB,16,203.0,13.0,,,,,,,203.0,868.0,7.0,52.0,43.0,294.0,1.0,49%,9%,,,,,
56,RB17,Miles Sanders,CAR,RB,17,203.0,14.0,,,,,,,216.0,1012.0,6.0,51.0,36.0,298.0,1.0,51%,9%,,,,,
57,RB18,Dameon Pierce,HST,RB,18,203.0,14.0,,,,,,,227.0,966.0,6.0,50.0,37.0,268.0,1.0,52%,9%,,,,,
58,RB19,Rachaad White,TB,RB,19,202.0,14.0,,,,,,,217.0,908.0,5.0,57.0,44.0,293.0,1.0,53%,10%,,,,,
59,RB20,Alexander Mattison,MIN,RB,20,199.0,14.0,,,,,,,212.0,879.0,8.0,43.0,35.0,248.0,1.0,54%,7%,,,,,
60,RB21,Breece Hall,NYJ,RB,21,199.0,14.0,,,,,,,173.0,767.0,5.0,59.0,43.0,376.0,2.0,41%,10%,,,,,
61,RB22,Cam Akers,LAR,RB,22,198.0,14.0,,,,,,,211.0,872.0,7.0,44.0,33.0,280.0,2.0,56%,7%,,,,,
62,RB23,Kenneth Walker III,SEA,RB,23,198.0,14.0,,,,,,,220.0,968.0,7.0,39.0,30.0,214.0,1.0,53%,7%,,,,,
63,RB24,Alvin Kamara,NO,RB,24,196.0,12.0,,,,,,,157.0,666.0,4.0,66.0,49.0,449.0,2.0,35%,12%,,,,,
64,RB25,James Cook,BUF,RB,25,193.0,14.0,,,,,,,172.0,768.0,5.0,59.0,44.0,342.0,2.0,45%,10%,,,,,
65,RB26,David Montgomery,DET,RB,26,193.0,14.0,,,,,,,190.0,779.0,8.0,45.0,36.0,278.0,1.0,42%,8%,,,,,
66,RB27,Isiah Pacheco,KC,RB,27,192.0,14.0,,,,,,,200.0,903.0,7.0,37.0,30.0,235.0,1.0,55%,6%,,,,,
67,RB28,Javonte Williams,DEN,RB,28,188.0,13.0,,,,,,,174.0,754.0,6.0,52.0,41.0,296.0,2.0,40%,10%,,,,,
68,RB29,J.K. Dobbins,BLT,RB,29,181.0,13.0,,,,,,,178.0,859.0,7.0,36.0,28.0,195.0,1.0,38%,7%,,,,,
69,RB30,D'Andre Swift,PHI,RB,30,171.0,14.0,,,,,,,115.0,533.0,5.0,55.0,40.0,339.0,2.0,23%,11%,,,,,
70,RB31,AJ Dillon,GB,RB,31,169.0,14.0,,,,,,,175.0,753.0,5.0,44.0,32.0,248.0,1.0,40%,8%,,,,,
71,RB32,Jeff Wilson Jr.,MIA,RB,32,162.0,14.0,,,,,,,158.0,689.0,6.0,41.0,27.0,237.0,2.0,39%,7%,,,,,
72,RB33,Khalil Herbert,CHI,RB,33,157.0,14.0,,,,,,,160.0,765.0,5.0,34.0,26.0,187.0,1.0,34%,7%,,,,,
73,RB34,Dalvin Cook,NYJ,RB,34,156.0,14.0,,,,,,,172.0,736.0,4.0,38.0,29.0,214.0,1.0,40%,7%,,,,,
74,RB35,Brian Robinson Jr.,WAS,RB,35,154.0,14.0,,,,,,,200.0,819.0,4.0,34.0,25.0,183.0,1.0,47%,6%,,,,,
75,RB36,Samaje Perine,DEN,RB,36,149.0,14.0,,,,,,,154.0,653.0,4.0,37.0,29.0,215.0,1.0,35%,7%,,,,,
76,RB37,Antonio Gibson,WAS,RB,37,148.0,14.0,,,,,,,108.0,428.0,3.0,62.0,47.0,325.0,2.0,25%,11%,,,,,
77,RB38,Jamaal Williams,NO,RB,38,138.0,14.0,,,,,,,157.0,651.0,6.0,26.0,22.0,138.0,1.0,35%,5%,,,,,
78,RB39,Jerick McKinnon,KC,RB,39,136.0,14.0,,,,,,,70.0,292.0,3.0,50.0,39.0,346.0,3.0,19%,8%,,,,,
79,RB40,Zach Charbonnet,SEA,RB,40,129.0,14.0,,,,,,,133.0,558.0,4.0,33.0,26.0,191.0,1.0,32%,6%,,,,,
80,RB41,Raheem Mostert,MIA,RB,41,128.0,13.0,,,,,,,134.0,628.0,4.0,29.0,22.0,156.0,1.0,33%,5%,,,,,
81,RB42,Devin Singletary,HST,RB,42,126.0,14.0,,,,,,,126.0,564.0,3.0,39.0,27.0,202.0,1.0,29%,7%,,,,,
82,RB43,Rashaad Penny,PHI,RB,43,120.0,13.0,,,,,,,150.0,735.0,6.0,10.0,8.0,55.0,0.0,31%,2%,,,,,
83,RB44,Elijah Mitchell,SF,RB,44,117.0,14.0,,,,,,,153.0,668.0,5.0,15.0,12.0,81.0,0.0,32%,3%,,,,,
84,RB45,Jaylen Warren,PIT,RB,45,117.0,14.0,,,,,,,113.0,497.0,3.0,33.0,26.0,188.0,1.0,25%,6%,,,,,
85,RB46,Tyler Allgeier,ATL,RB,46,117.0,14.0,,,,,,,154.0,687.0,4.0,15.0,12.0,83.0,0.0,31%,3%,,,,,
86,RB47,Ezekiel Elliott,NE,RB,47,110.0,14.0,,,,,,,138.0,529.0,5.0,23.0,16.0,107.0,1.0,33%,4%,,,,,
87,RB48,Joshua Kelley,LAC,RB,48,108.0,14.0,,,,,,,105.0,422.0,4.0,31.0,23.0,163.0,1.0,25%,5%,,,,,
88,RB49,Jerome Ford,CLV,RB,49,106.0,14.0,,,,,,,109.0,469.0,3.0,25.0,19.0,146.0,1.0,23%,5%,,,,,
89,RB50,Damien Harris,BUF,RB,50,105.0,14.0,,,,,,,98.0,416.0,3.0,30.0,23.0,158.0,1.0,25%,5%,,,,,
90,RB51,Chuba Hubbard,CAR,RB,51,104.0,14.0,,,,,,,123.0,536.0,3.0,23.0,17.0,129.0,1.0,29%,4%,,,,,
91,RB52,Gus Edwards,BLT,RB,52,102.0,14.0,,,,,,,122.0,556.0,5.0,12.0,9.0,72.0,0.0,26%,2%,,,,,
92,RB53,Kenneth Gainwell,PHI,RB,53,94.0,14.0,,,,,,,94.0,412.0,4.0,20.0,15.0,106.0,1.0,19%,4%,,,,,
93,RB54,Tank Bigsby,JAX,RB,54,93.0,14.0,,,,,,,114.0,474.0,3.0,17.0,13.0,95.0,1.0,27%,3%,,,,,
94,RB55,Kyren Williams,LAR,RB,55,93.0,14.0,,,,,,,78.0,333.0,2.0,31.0,24.0,184.0,1.0,21%,5%,,,,,
95,RB56,D'Onta Foreman,CHI,RB,56,92.0,14.0,,,,,,,115.0,498.0,3.0,15.0,11.0,81.0,0.0,25%,3%,,,,,
96,RB57,Cordarrelle Patterson,ATL,RB,57,92.0,14.0,,,,,,,68.0,304.0,3.0,29.0,22.0,170.0,1.0,14%,6%,,,,,
97,RB58,Chase Edmonds,TB,RB,58,86.0,14.0,,,,,,,74.0,334.0,2.0,28.0,20.0,157.0,1.0,18%,5%,,,,,
98,RB59,Keaontay Ingram,ARZ,RB,59,72.0,14.0,,,,,,,77.0,329.0,3.0,17.0,13.0,92.0,0.0,19%,3%,,,,,
99,RB60,Tyjae Spears,TEN,RB,60,72.0,14.0,,,,,,,74.0,309.0,2.0,20.0,15.0,116.0,1.0,16%,4%,,,,,
100,RB61,De'Von Achane,MIA,RB,61,71.0,14.0,,,,,,,56.0,235.0,1.0,26.0,20.0,143.0,1.0,14%,4%,,,,,
101,RB62,Chase Brown,CIN,RB,62,71.0,14.0,,,,,,,57.0,238.0,2.0,24.0,18.0,136.0,1.0,15%,4%,,,,,
102,RB63,Ty Chandler,MIN,RB,63,68.0,14.0,,,,,,,63.0,270.0,2.0,18.0,14.0,102.0,1.0,16%,3%,,,,,
103,RB64,Malik Davis,DAL,RB,64,64.0,14.0,,,,,,,79.0,337.0,3.0,9.0,7.0,52.0,0.0,16%,2%,,,,,
104,RB65,Clyde Edwards-Helaire,KC,RB,65,62.0,14.0,,,,,,,50.0,220.0,2.0,18.0,13.0,106.0,1.0,14%,3%,,,,,
105,RB66,Ronald Jones,DAL,RB,66,62.0,12.0,,,,,,,79.0,343.0,3.0,7.0,5.0,41.0,0.0,16%,1%,,,,,
106,RB67,Ameer Abdullah,LV,RB,67,61.0,14.0,,,,,,,12.0,50.0,0.0,35.0,26.0,213.0,1.0,3%,6%,,,,,
107,RB68,Matt Breida,NYG,RB,68,61.0,14.0,,,,,,,51.0,222.0,1.0,22.0,17.0,113.0,0.0,12%,4%,,,,,
108,RB69,Kenyan Drake,IND,RB,69,60.0,14.0,,,,,,,56.0,244.0,2.0,20.0,14.0,106.0,0.0,12%,4%,,,,,
109,RB70,Trayveon Williams,CIN,RB,70,59.0,14.0,,,,,,,49.0,216.0,2.0,18.0,14.0,102.0,1.0,13%,3%,,,,,
110,RB71,Raheem Blackshear,CAR,RB,71,59.0,14.0,,,,,,,38.0,162.0,1.0,23.0,17.0,132.0,1.0,9%,4%,,,,,
111,RB72,Isaiah Spiller,LAC,RB,72,57.0,14.0,,,,,,,62.0,262.0,2.0,12.0,9.0,66.0,0.0,15%,2%,,,,,
112,RB73,Zamir White,LV,RB,73,55.0,14.0,,,,,,,76.0,322.0,3.0,6.0,4.0,33.0,0.0,19%,1%,,,,,
113,RB74,Corey Clement,ARZ,RB,74,54.0,14.0,,,,,,,50.0,213.0,2.0,17.0,13.0,91.0,0.0,12%,3%,,,,,
114,RB75,Kene Nwangwu,MIN,RB,75,54.0,14.0,,,,,,,51.0,219.0,2.0,12.0,9.0,67.0,0.0,13%,2%,,,,,
115,RB76,Deuce Vaughn,DAL,RB,76,53.0,14.0,,,,,,,33.0,142.0,1.0,22.0,17.0,124.0,1.0,7%,4%,,,,,
116,RB77,Ke'Shawn Vaughn,TB,RB,77,50.0,14.0,,,,,,,58.0,248.0,2.0,11.0,8.0,59.0,0.0,14%,2%,,,,,
117,RB78,Tony Jones Jr.,DEN,RB,78,49.0,14.0,,,,,,,55.0,223.0,2.0,11.0,8.0,59.0,0.0,13%,2%,,,,,
118,RB79,Kendre Miller,NO,RB,79,48.0,14.0,,,,,,,44.0,189.0,1.0,15.0,11.0,86.0,0.0,10%,3%,,,,,
119,RB80,Craig Reynolds,DET,RB,80,48.0,14.0,,,,,,,40.0,172.0,2.0,14.0,10.0,84.0,0.0,9%,2%,,,,,
120,RB81,Ty Montgomery,NE,RB,81,47.0,14.0,,,,,,,13.0,52.0,0.0,28.0,21.0,155.0,1.0,3%,5%,,,,,
121,RB82,Hassan Haskins,TEN,RB,82,46.0,14.0,,,,,,,28.0,119.0,1.0,21.0,16.0,113.0,1.0,6%,4%,,,,,
122,RB83,Travis Homer,CHI,RB,83,44.0,14.0,,,,,,,24.0,106.0,1.0,19.0,15.0,110.0,0.0,5%,4%,,,,,
123,RB84,Gary Brightwell,NYG,RB,84,43.0,14.0,,,,,,,41.0,176.0,2.0,11.0,8.0,57.0,0.0,10%,2%,,,,,
124,RB85,Roschon Johnson,CHI,RB,85,42.0,14.0,,,,,,,57.0,239.0,2.0,5.0,4.0,27.0,0.0,12%,1%,,,,,
125,RB86,Chris Rodriguez,WAS,RB,86,41.0,14.0,,,,,,,32.0,133.0,1.0,17.0,13.0,89.0,0.0,8%,3%,,,,,
126,RB87,Dare Ogunbowale,HST,RB,87,39.0,14.0,,,,,,,30.0,121.0,1.0,16.0,11.0,83.0,0.0,7%,3%,,,,,
127,RB88,Brandon Bolden,LV,RB,88,39.0,14.0,,,,,,,32.0,137.0,1.0,11.0,9.0,69.0,0.0,8%,2%,,,,,
128,RB89,Alec Ingold,MIA,RB,89,39.0,17.0,,,,,,,4.0,17.0,0.0,23.0,18.0,129.0,1.0,1%,4%,,,,,
129,RB90,Latavius Murray,BUF,RB,90,38.0,14.0,,,,,,,35.0,148.0,1.0,11.0,9.0,57.0,0.0,9%,2%,,,,,
130,RB91,Zack Moss,IND,RB,91,36.0,12.0,,,,,,,30.0,131.0,1.0,13.0,9.0,67.0,0.0,6%,3%,,,,,
131,RB92,Zach Evans,LAR,RB,92,36.0,14.0,,,,,,,37.0,153.0,1.0,9.0,7.0,52.0,0.0,10%,1%,,,,,
132,RB93,JaMycal Hasty,JAX,RB,93,35.0,14.0,,,,,,,25.0,107.0,1.0,14.0,11.0,71.0,0.0,6%,2%,,,,,
133,RB94,John Kelly,CLV,RB,94,35.0,14.0,,,,,,,33.0,140.0,1.0,10.0,8.0,58.0,0.0,7%,2%,,,,,
134,RB95,Chris Evans,CIN,RB,95,35.0,14.0,,,,,,,27.0,115.0,1.0,12.0,9.0,67.0,0.0,7%,2%,,,,,
135,RB96,DeeJay Dallas,SEA,RB,96,32.0,14.0,,,,,,,28.0,124.0,1.0,8.0,7.0,44.0,0.0,7%,2%,,,,,
136,RB97,DeWayne McBride,MIN,RB,97,31.0,14.0,,,,,,,35.0,145.0,1.0,6.0,5.0,33.0,0.0,9%,1%,,,,,
137,RB98,Melvin Gordon,BLT,RB,98,30.0,14.0,,,,,,,29.0,117.0,1.0,7.0,6.0,37.0,0.0,6%,1%,,,,,
138,RB99,Anthony McFarland Jr.,PIT,RB,99,29.0,13.0,,,,,,,30.0,128.0,1.0,8.0,6.0,43.0,0.0,7%,1%,,,,,
139,RB100,Evan Hull,IND,RB,100,29.0,14.0,,,,,,,25.0,107.0,1.0,10.0,7.0,55.0,0.0,5%,2%,,,,,
140,RB101,Sean Tucker,TB,RB,101,29.0,13.0,,,,,,,35.0,147.0,1.0,5.0,4.0,30.0,0.0,8%,1%,,,,,
141,RB102,Kyle Juszczyk,SF,RB,102,28.0,17.0,,,,,,,5.0,21.0,0.0,15.0,11.0,91.0,1.0,1%,3%,,,,,
142,RB103,Patrick Taylor,GB,RB,103,28.0,13.0,,,,,,,29.0,125.0,1.0,8.0,6.0,42.0,0.0,7%,1%,,,,,
143,RB104,Tyrion Davis-Price,SF,RB,104,28.0,14.0,,,,,,,33.0,140.0,1.0,5.0,3.0,25.0,0.0,7%,1%,,,,,
144,RB105,Michael Carter,NYJ,RB,105,27.0,14.0,,,,,,,20.0,77.0,0.0,11.0,9.0,61.0,0.0,5%,2%,,,,,
145,RB106,Boston Scott,PHI,RB,106,25.0,14.0,,,,,,,24.0,100.0,1.0,5.0,4.0,26.0,0.0,5%,1%,,,,,
146,RB107,Mohamed Ibrahim,DET,RB,107,24.0,13.0,,,,,,,17.0,72.0,1.0,8.0,6.0,46.0,0.0,4%,1%,,,,,
147,RB108,Justice Hill,BLT,RB,108,23.0,14.0,,,,,,,14.0,61.0,0.0,10.0,8.0,51.0,0.0,3%,2%,,,,,
148,RB109,C.J. Ham,MIN,RB,109,22.0,17.0,,,,,,,4.0,17.0,0.0,12.0,9.0,70.0,0.0,1%,2%,,,,,
149,RB110,Julius Chestnut,TEN,RB,110,22.0,14.0,,,,,,,9.0,39.0,0.0,10.0,8.0,57.0,0.0,2%,2%,,,,,
150,RB111,Ty'Son Williams,ARZ,RB,111,21.0,13.0,,,,,,,21.0,91.0,1.0,5.0,4.0,29.0,0.0,5%,1%,,,,,
151,RB112,Mike Boone,HST,RB,112,21.0,13.0,,,,,,,20.0,92.0,1.0,5.0,4.0,30.0,0.0,5%,1%,,,,,
152,RB113,Kirk Merritt,NO,RB,113,21.0,14.0,,,,,,,9.0,39.0,0.0,10.0,7.0,58.0,0.0,2%,2%,,,,,
153,RB114,Kevin Harris,NE,RB,114,19.0,13.0,,,,,,,20.0,82.0,1.0,5.0,4.0,30.0,0.0,5%,1%,,,,,
154,RB115,Deneric Prince,KC,RB,115,19.0,14.0,,,,,,,14.0,57.0,1.0,6.0,5.0,33.0,0.0,4%,1%,,,,,
155,RB116,Zonovan Knight,NYJ,RB,116,19.0,14.0,,,,,,,24.0,97.0,1.0,4.0,3.0,21.0,0.0,6%,1%,,,,,
156,RB117,Larry Rountree III,LAC,RB,117,19.0,13.0,,,,,,,16.0,65.0,1.0,6.0,4.0,31.0,0.0,4%,1%,,,,,
157,RB118,Patrick Ricard,BLT,RB,118,18.0,17.0,,,,,,,5.0,20.0,0.0,10.0,8.0,52.0,0.0,1%,2%,,,,,
158,RB119,Andrew Beck,HST,RB,119,17.0,17.0,,,,,,,0.0,0.0,0.0,11.0,8.0,64.0,0.0,0%,2%,,,,,
159,RB120,Jordan Mason,SF,RB,120,16.0,13.0,,,,,,,14.0,60.0,0.0,5.0,4.0,26.0,0.0,3%,1%,,,,,
160,WR1,Justin Jefferson,MIN,WR,1,322.0,15.0,,,,,,,4.0,23.0,0.0,164.0,116.0,1498.0,9.0,1%,27%,,,,,
161,WR2,Ja'Marr Chase,CIN,WR,2,313.0,15.0,,,,,,,4.0,21.0,0.0,153.0,102.0,1454.0,11.0,1%,25%,,,,,
162,WR3,Cooper Kupp,LAR,WR,3,311.0,15.0,,,,,,,11.0,67.0,0.0,163.0,122.0,1432.0,6.0,3%,26%,,,,,
163,WR4,Tyreek Hill,MIA,WR,4,294.0,15.0,,,,,,,8.0,49.0,1.0,154.0,104.0,1346.0,8.0,2%,26%,,,,,
164,WR5,Davante Adams,LV,WR,5,288.0,15.0,,,,,,,2.0,12.0,0.0,154.0,96.0,1479.0,7.0,1%,26%,,,,,
165,WR6,Stefon Diggs,BUF,WR,6,264.0,15.0,,,,,,,0.0,0.0,0.0,143.0,98.0,1206.0,8.0,0%,24%,,,,,
166,WR7,CeeDee Lamb,DAL,WR,7,264.0,15.0,,,,,,,10.0,59.0,0.0,140.0,97.0,1211.0,6.0,2%,25%,,,,,
167,WR8,Garrett Wilson,NYJ,WR,8,251.0,15.0,,,,,,,4.0,24.0,0.0,135.0,83.0,1133.0,9.0,1%,24%,,,,,
168,WR9,Amon-Ra St. Brown,DET,WR,9,243.0,15.0,,,,,,,9.0,64.0,1.0,132.0,95.0,1045.0,6.0,2%,23%,,,,,
169,WR10,Jaylen Waddle,MIA,WR,10,231.0,15.0,,,,,,,4.0,25.0,0.0,124.0,83.0,1085.0,6.0,1%,21%,,,,,
170,WR11,Tee Higgins,CIN,WR,11,228.0,15.0,,,,,,,0.0,0.0,0.0,122.0,81.0,1048.0,7.0,0%,20%,,,,,
171,WR12,DK Metcalf,SEA,WR,12,228.0,15.0,,,,,,,0.0,0.0,0.0,123.0,78.0,1017.0,8.0,0%,22%,,,,,
172,WR13,A.J. Brown,PHI,WR,13,228.0,15.0,,,,,,,0.0,0.0,0.0,121.0,74.0,1128.0,7.0,0%,24%,,,,,
173,WR14,DeVonta Smith,PHI,WR,14,219.0,15.0,,,,,,,0.0,0.0,0.0,121.0,79.0,1013.0,7.0,0%,24%,,,,,
174,WR15,Keenan Allen,LAC,WR,15,216.0,15.0,,,,,,,0.0,0.0,0.0,125.0,88.0,923.0,6.0,0%,20%,,,,,
175,WR16,Deebo Samuel,SF,WR,16,215.0,14.0,,,,,,,44.0,247.0,2.0,96.0,61.0,874.0,5.0,9%,19%,,,,,
176,WR17,Chris Olave,NO,WR,17,211.0,15.0,,,,,,,0.0,0.0,0.0,120.0,73.0,1073.0,5.0,0%,22%,,,,,
177,WR18,Christian Watson,GB,WR,18,209.0,15.0,,,,,,,9.0,59.0,0.0,110.0,67.0,983.0,6.0,2%,20%,,,,,
178,WR19,Amari Cooper,CLV,WR,19,208.0,15.0,,,,,,,0.0,0.0,0.0,110.0,71.0,965.0,7.0,0%,22%,,,,,
179,WR20,Jerry Jeudy,DEN,WR,20,208.0,15.0,,,,,,,2.0,14.0,0.0,110.0,69.0,1042.0,6.0,1%,21%,,,,,
180,WR21,Mike Evans,TB,WR,21,205.0,15.0,,,,,,,0.0,0.0,0.0,125.0,72.0,1038.0,5.0,0%,22%,,,,,
181,WR22,Diontae Johnson,PIT,WR,22,205.0,15.0,,,,,,,5.0,28.0,0.0,126.0,78.0,960.0,5.0,1%,23%,,,,,
182,WR23,DeAndre Hopkins,TEN,WR,23,205.0,15.0,,,,,,,0.0,0.0,0.0,124.0,85.0,976.0,4.0,0%,24%,,,,,
183,WR24,DJ Moore,CHI,WR,24,203.0,15.0,,,,,,,9.0,57.0,0.0,112.0,64.0,928.0,7.0,2%,23%,,,,,
184,WR25,Chris Godwin,TB,WR,25,203.0,14.0,,,,,,,4.0,24.0,0.0,125.0,88.0,966.0,3.0,1%,22%,,,,,
185,WR26,Calvin Ridley,JAX,WR,26,202.0,14.0,,,,,,,4.0,25.0,0.0,116.0,74.0,918.0,6.0,1%,20%,,,,,
186,WR27,Mike Williams,LAC,WR,27,201.0,15.0,,,,,,,0.0,0.0,0.0,106.0,68.0,931.0,7.0,0%,17%,,,,,
187,WR28,Terry McLaurin,WAS,WR,28,199.0,15.0,,,,,,,4.0,25.0,0.0,119.0,74.0,997.0,4.0,1%,21%,,,,,
188,WR29,Tyler Lockett,SEA,WR,29,197.0,15.0,,,,,,,0.0,0.0,0.0,111.0,81.0,876.0,5.0,0%,20%,,,,,
189,WR30,Marquise Brown,ARZ,WR,30,195.0,15.0,,,,,,,0.0,0.0,0.0,121.0,75.0,971.0,4.0,0%,21%,,,,,
190,WR31,Drake London,ATL,WR,31,194.0,15.0,,,,,,,0.0,0.0,0.0,118.0,75.0,909.0,5.0,0%,24%,,,,,
191,WR32,Brandin Cooks,DAL,WR,32,190.0,15.0,,,,,,,5.0,31.0,0.0,106.0,68.0,874.0,5.0,1%,19%,,,,,
192,WR33,Christian Kirk,JAX,WR,33,189.0,15.0,,,,,,,4.0,26.0,0.0,110.0,71.0,827.0,6.0,1%,19%,,,,,
193,WR34,Brandon Aiyuk,SF,WR,34,187.0,15.0,,,,,,,2.0,16.0,0.0,105.0,67.0,855.0,6.0,1%,21%,,,,,
194,WR35,Courtland Sutton,DEN,WR,35,185.0,15.0,,,,,,,0.0,0.0,0.0,105.0,63.0,866.0,6.0,0%,20%,,,,,
195,WR36,Michael Pittman Jr.,IND,WR,36,181.0,15.0,,,,,,,5.0,32.0,0.0,117.0,75.0,822.0,3.0,1%,24%,,,,,
196,WR37,George Pickens,PIT,WR,37,181.0,15.0,,,,,,,5.0,28.0,0.0,104.0,65.0,845.0,5.0,1%,19%,,,,,
197,WR38,Treylon Burks,TEN,WR,38,179.0,15.0,,,,,,,9.0,62.0,0.0,98.0,61.0,856.0,4.0,2%,19%,,,,,
198,WR39,Jakobi Meyers,LV,WR,39,174.0,15.0,,,,,,,2.0,13.0,0.0,101.0,69.0,807.0,4.0,1%,17%,,,,,
199,WR40,Michael A. Thomas,NO,WR,40,173.0,13.0,,,,,,,0.0,0.0,0.0,99.0,74.0,743.0,4.0,0%,18%,,,,,
200,WR41,Jahan Dotson,WAS,WR,41,173.0,15.0,,,,,,,0.0,0.0,0.0,107.0,63.0,863.0,4.0,0%,19%,,,,,
201,WR42,Jaxon Smith-Njigba,SEA,WR,42,171.0,15.0,,,,,,,0.0,0.0,0.0,94.0,60.0,776.0,6.0,0%,17%,,,,,
202,WR43,Skyy Moore,KC,WR,43,167.0,15.0,,,,,,,4.0,22.0,0.0,87.0,57.0,743.0,6.0,1%,14%,,,,,
203,WR44,Jordan Addison,MIN,WR,44,167.0,15.0,,,,,,,4.0,24.0,0.0,91.0,57.0,767.0,5.0,1%,15%,,,,,
204,WR45,JuJu Smith-Schuster,NE,WR,45,167.0,15.0,,,,,,,0.0,0.0,0.0,103.0,75.0,784.0,3.0,0%,18%,,,,,
205,WR46,Rondale Moore,ARZ,WR,46,166.0,15.0,,,,,,,12.0,61.0,0.0,97.0,70.0,737.0,3.0,3%,17%,,,,,
206,WR47,Gabriel Davis,BUF,WR,47,162.0,15.0,,,,,,,0.0,0.0,0.0,89.0,49.0,766.0,6.0,0%,15%,,,,,
207,WR48,Zay Flowers,BLT,WR,48,160.0,15.0,,,,,,,5.0,29.0,0.0,85.0,53.0,689.0,6.0,1%,17%,,,,,
208,WR49,Michael Gallup,DAL,WR,49,157.0,15.0,,,,,,,0.0,0.0,0.0,89.0,50.0,714.0,6.0,0%,16%,,,,,
209,WR50,Darnell Mooney,CHI,WR,50,157.0,15.0,,,,,,,2.0,14.0,0.0,88.0,55.0,698.0,5.0,1%,18%,,,,,
210,WR51,Quentin Johnston,LAC,WR,51,153.0,15.0,,,,,,,0.0,0.0,0.0,86.0,51.0,715.0,5.0,0%,14%,,,,,
211,WR52,DJ Chark,CAR,WR,52,153.0,14.0,,,,,,,0.0,0.0,0.0,92.0,52.0,792.0,4.0,0%,16%,,,,,
212,WR53,Odell Beckham Jr.,BLT,WR,53,151.0,13.0,,,,,,,2.0,16.0,0.0,86.0,53.0,697.0,4.0,1%,17%,,,,,
213,WR54,Tyler Boyd,CIN,WR,54,150.0,15.0,,,,,,,0.0,0.0,0.0,84.0,60.0,663.0,4.0,0%,14%,,,,,
214,WR55,Adam Thielen,CAR,WR,55,144.0,14.0,,,,,,,0.0,0.0,0.0,92.0,59.0,641.0,4.0,0%,16%,,,,,
215,WR56,Marquez Valdes-Scantling,KC,WR,56,144.0,15.0,,,,,,,0.0,0.0,0.0,74.0,40.0,728.0,5.0,0%,12%,,,,,
216,WR57,Elijah Moore,CLV,WR,57,141.0,15.0,,,,,,,5.0,28.0,0.0,80.0,48.0,668.0,4.0,1%,16%,,,,,
217,WR58,Hunter Renfrow,LV,WR,58,141.0,15.0,,,,,,,0.0,0.0,0.0,83.0,60.0,638.0,3.0,0%,14%,,,,,
218,WR59,K.J. Osborn,MIN,WR,59,140.0,15.0,,,,,,,4.0,23.0,0.0,79.0,52.0,623.0,4.0,1%,13%,,,,,
219,WR60,Allen Lazard,NYJ,WR,60,140.0,15.0,,,,,,,4.0,26.0,0.0,73.0,47.0,604.0,5.0,1%,13%,,,,,
220,WR61,Zay Jones,JAX,WR,61,139.0,15.0,,,,,,,2.0,12.0,0.0,81.0,53.0,569.0,5.0,1%,14%,,,,,
221,WR62,Nico Collins,HST,WR,62,139.0,15.0,,,,,,,0.0,0.0,0.0,89.0,50.0,681.0,4.0,0%,16%,,,,,
222,WR63,Curtis Samuel,WAS,WR,63,137.0,15.0,,,,,,,29.0,154.0,1.0,79.0,52.0,527.0,2.0,7%,14%,,,,,
223,WR64,Chase Claypool,CHI,WR,64,131.0,15.0,,,,,,,5.0,28.0,0.0,78.0,45.0,594.0,4.0,1%,16%,,,,,
224,WR65,Jayden Reed,GB,WR,65,129.0,15.0,,,,,,,4.0,27.0,0.0,77.0,48.0,588.0,3.0,1%,14%,,,,,
225,WR66,Romeo Doubs,GB,WR,66,127.0,15.0,,,,,,,0.0,0.0,0.0,82.0,50.0,619.0,3.0,0%,15%,,,,,
226,WR67,Van Jefferson,LAR,WR,67,125.0,15.0,,,,,,,0.0,0.0,0.0,75.0,43.0,639.0,3.0,0%,12%,,,,,
227,WR68,Rashod Bateman,BLT,WR,68,121.0,15.0,,,,,,,0.0,0.0,0.0,70.0,44.0,579.0,3.0,0%,14%,,,,,
228,WR69,Russell Gage,TB,WR,69,120.0,15.0,,,,,,,0.0,0.0,0.0,79.0,50.0,499.0,3.0,0%,14%,,,,,
229,WR70,Alec Pierce,IND,WR,70,119.0,15.0,,,,,,,0.0,0.0,0.0,83.0,45.0,597.0,3.0,0%,17%,,,,,
230,WR71,Jonathan Mingo,CAR,WR,71,118.0,15.0,,,,,,,0.0,0.0,0.0,73.0,45.0,567.0,3.0,0%,13%,,,,,
231,WR72,DeVante Parker,NE,WR,72,118.0,15.0,,,,,,,0.0,0.0,0.0,69.0,42.0,557.0,3.0,0%,12%,,,,,
232,WR73,Parris Campbell,NYG,WR,73,117.0,14.0,,,,,,,5.0,32.0,0.0,75.0,48.0,514.0,2.0,1%,13%,,,,,
233,WR74,Isaiah Hodgins,NYG,WR,74,117.0,15.0,,,,,,,0.0,0.0,0.0,69.0,48.0,471.0,4.0,0%,12%,,,,,
234,WR75,Donovan Peoples-Jones,CLV,WR,75,116.0,15.0,,,,,,,0.0,0.0,0.0,65.0,42.0,555.0,3.0,0%,13%,,,,,
235,WR76,Marvin Jones Jr.,DET,WR,76,114.0,15.0,,,,,,,0.0,0.0,0.0,68.0,40.0,522.0,4.0,0%,12%,,,,,
236,WR77,John Metchie III,HST,WR,77,114.0,15.0,,,,,,,0.0,0.0,0.0,71.0,44.0,542.0,3.0,0%,13%,,,,,
237,WR78,Robert Woods,HST,WR,78,114.0,15.0,,,,,,,4.0,27.0,0.0,78.0,47.0,525.0,2.0,1%,14%,,,,,
238,WR79,Kadarius Toney,KC,WR,79,114.0,13.0,,,,,,,7.0,52.0,0.0,56.0,38.0,457.0,4.0,2%,9%,,,,,
239,WR80,Rashid Shaheed,NO,WR,80,114.0,15.0,,,,,,,5.0,30.0,0.0,59.0,40.0,509.0,3.0,1%,11%,,,,,
240,WR81,Mecole Hardman,NYJ,WR,81,114.0,15.0,,,,,,,13.0,84.0,1.0,50.0,36.0,438.0,3.0,3%,9%,,,,,
241,WR82,Michael Wilson,ARZ,WR,82,108.0,15.0,,,,,,,0.0,0.0,0.0,68.0,43.0,511.0,2.0,0%,12%,,,,,
242,WR83,Corey Davis,NYJ,WR,83,105.0,14.0,,,,,,,0.0,0.0,0.0,61.0,36.0,494.0,3.0,0%,11%,,,,,
243,WR84,Mack Hollins,ATL,WR,84,103.0,15.0,,,,,,,0.0,0.0,0.0,64.0,38.0,482.0,3.0,0%,13%,,,,,
244,WR85,Marvin Mims,DEN,WR,85,100.0,15.0,,,,,,,0.0,0.0,0.0,57.0,37.0,461.0,3.0,0%,11%,,,,,
245,WR86,Tutu Atwell,LAR,WR,86,100.0,15.0,,,,,,,7.0,43.0,0.0,56.0,32.0,479.0,2.0,2%,9%,,,,,
246,WR87,Jameson Williams,DET,WR,87,97.0,10.0,,,,,,,1.0,10.0,0.0,55.0,33.0,463.0,3.0,0%,10%,,,,,
247,WR88,Rashee Rice,KC,WR,88,94.0,15.0,,,,,,,0.0,0.0,0.0,49.0,32.0,403.0,4.0,0%,8%,,,,,
248,WR89,Kendrick Bourne,NE,WR,89,93.0,14.0,,,,,,,8.0,55.0,0.0,52.0,37.0,393.0,2.0,2%,9%,,,,,
249,WR90,Allen Robinson,PIT,WR,90,93.0,14.0,,,,,,,0.0,0.0,0.0,55.0,35.0,362.0,4.0,0%,10%,,,,,
250,WR91,Braxton Berrios,MIA,WR,91,90.0,15.0,,,,,,,0.0,0.0,0.0,52.0,34.0,378.0,3.0,0%,9%,,,,,
251,WR92,Tyquan Thornton,NE,WR,92,87.0,15.0,,,,,,,4.0,25.0,0.0,51.0,30.0,399.0,2.0,1%,9%,,,,,
252,WR93,Nathaniel Dell,HST,WR,93,87.0,15.0,,,,,,,0.0,0.0,0.0,55.0,34.0,409.0,2.0,0%,10%,,,,,
253,WR94,Wan'Dale Robinson,NYG,WR,94,84.0,12.0,,,,,,,3.0,19.0,0.0,51.0,34.0,367.0,2.0,1%,9%,,,,,
254,WR95,Darius Slayton,NYG,WR,95,83.0,15.0,,,,,,,0.0,0.0,0.0,51.0,29.0,408.0,2.0,0%,9%,,,,,
255,WR96,Terrace Marshall Jr.,CAR,WR,96,81.0,15.0,,,,,,,0.0,0.0,0.0,50.0,29.0,385.0,2.0,0%,9%,,,,,
256,WR97,Nick Westbrook-Ikhine,TEN,WR,97,75.0,15.0,,,,,,,0.0,0.0,0.0,46.0,26.0,370.0,2.0,0%,9%,,,,,
257,WR98,Jauan Jennings,SF,WR,98,72.0,15.0,,,,,,,0.0,0.0,0.0,45.0,27.0,327.0,2.0,0%,9%,,,,,
258,WR99,Josh Downs,IND,WR,99,70.0,15.0,,,,,,,0.0,0.0,0.0,44.0,26.0,316.0,2.0,0%,9%,,,,,
259,WR100,Josh Palmer,LAC,WR,100,69.0,15.0,,,,,,,0.0,0.0,0.0,43.0,28.0,298.0,2.0,0%,7%,,,,,
260,WR101,Jamal Agnew,JAX,WR,101,69.0,15.0,,,,,,,9.0,57.0,0.0,34.0,22.0,235.0,2.0,2%,6%,,,,,
261,WR102,Trent Sherfield,BUF,WR,102,68.0,15.0,,,,,,,0.0,0.0,0.0,41.0,23.0,313.0,2.0,0%,7%,,,,,
262,WR103,Quez Watkins,PHI,WR,103,68.0,15.0,,,,,,,0.0,0.0,0.0,39.0,25.0,309.0,2.0,0%,8%,,,,,
263,WR104,Josh Reynolds,DET,WR,104,66.0,15.0,,,,,,,0.0,0.0,0.0,36.0,23.0,284.0,2.0,0%,6%,,,,,
264,WR105,Sterling Shepard,NYG,WR,105,64.0,13.0,,,,,,,5.0,30.0,0.0,41.0,27.0,257.0,1.0,1%,7%,,,,,
265,WR106,Ben Skowronek,LAR,WR,106,63.0,15.0,,,,,,,0.0,0.0,0.0,43.0,26.0,319.0,1.0,0%,7%,,,,,
266,WR107,Deonte Harty,BUF,WR,107,63.0,15.0,,,,,,,4.0,24.0,0.0,35.0,24.0,273.0,1.0,1%,6%,,,,,
267,WR108,Kyle Philips,TEN,WR,108,59.0,15.0,,,,,,,0.0,0.0,0.0,36.0,23.0,274.0,1.0,0%,7%,,,,,
268,WR109,Greg Dortch,ARZ,WR,109,59.0,15.0,,,,,,,4.0,26.0,0.0,34.0,24.0,232.0,1.0,1%,6%,,,,,
269,WR110,Kalif Raymond,DET,WR,110,59.0,15.0,,,,,,,5.0,31.0,0.0,30.0,21.0,243.0,1.0,1%,5%,,,,,
270,WR111,Robbie Chosen,MIA,WR,111,57.0,15.0,,,,,,,0.0,0.0,0.0,35.0,19.0,271.0,2.0,0%,6%,,,,,
271,WR112,Demario Douglas,NE,WR,112,55.0,15.0,,,,,,,0.0,0.0,0.0,34.0,22.0,258.0,1.0,0%,6%,,,,,
272,WR113,Dontayvion Wicks,GB,WR,113,52.0,15.0,,,,,,,0.0,0.0,0.0,32.0,20.0,237.0,1.0,0%,6%,,,,,
273,WR114,Trenton Irwin,CIN,WR,114,52.0,15.0,,,,,,,0.0,0.0,0.0,30.0,18.0,229.0,2.0,0%,5%,,,,,
274,WR115,Khalil Shakir,BUF,WR,115,51.0,15.0,,,,,,,0.0,0.0,0.0,29.0,18.0,227.0,2.0,0%,5%,,,,,
275,WR116,Isaiah McKenzie,IND,WR,116,50.0,15.0,,,,,,,9.0,54.0,0.0,29.0,19.0,179.0,1.0,2%,6%,,,,,
276,WR117,Demarcus Robinson,LAR,WR,117,48.0,15.0,,,,,,,0.0,0.0,0.0,31.0,19.0,222.0,1.0,0%,5%,,,,,
277,WR118,Laviska Shenault Jr.,CAR,WR,118,45.0,15.0,,,,,,,13.0,76.0,0.0,22.0,15.0,165.0,1.0,3%,4%,,,,,
278,WR119,Justyn Ross,KC,WR,119,45.0,15.0,,,,,,,0.0,0.0,0.0,24.0,16.0,192.0,2.0,0%,4%,,,,,
279,WR120,Marquise Goodwin,CLV,WR,120,44.0,15.0,,,,,,,2.0,14.0,0.0,25.0,15.0,201.0,1.0,1%,5%,,,,,
280,WR121,Puka Nacua,LAR,WR,121,40.0,15.0,,,,,,,0.0,0.0,0.0,24.0,15.0,190.0,1.0,0%,4%,,,,,
281,WR122,Randall Cobb,NYJ,WR,122,40.0,15.0,,,,,,,0.0,0.0,0.0,22.0,16.0,163.0,1.0,0%,4%,,,,,
282,WR123,Marquez Callaway,DEN,WR,123,38.0,15.0,,,,,,,0.0,0.0,0.0,23.0,14.0,172.0,1.0,0%,4%,,,,,
283,WR124,Calvin Austin III,PIT,WR,124,38.0,15.0,,,,,,,0.0,0.0,0.0,21.0,14.0,158.0,1.0,0%,4%,,,,,
284,WR125,KhaDarel Hodge,ATL,WR,125,37.0,15.0,,,,,,,0.0,0.0,0.0,24.0,14.0,178.0,1.0,0%,5%,,,,,
285,WR126,Jalin Hyatt,NYG,WR,126,37.0,15.0,,,,,,,0.0,0.0,0.0,23.0,15.0,166.0,1.0,0%,4%,,,,,
286,WR127,Jalen Tolbert,DAL,WR,127,37.0,15.0,,,,,,,0.0,0.0,0.0,21.0,13.0,169.0,1.0,0%,4%,,,,,
287,WR128,Parker Washington,JAX,WR,128,37.0,15.0,,,,,,,0.0,0.0,0.0,22.0,14.0,159.0,1.0,0%,4%,,,,,
288,WR129,David Moore,TB,WR,129,36.0,15.0,,,,,,,0.0,0.0,0.0,22.0,13.0,172.0,1.0,0%,4%,,,,,
289,WR130,Zach Pascal,ARZ,WR,130,35.0,15.0,,,,,,,0.0,0.0,0.0,22.0,14.0,158.0,1.0,0%,4%,,,,,
290,WR131,Dyami Brown,WAS,WR,131,32.0,15.0,,,,,,,0.0,0.0,0.0,22.0,12.0,164.0,1.0,0%,4%,,,,,
291,WR132,Equanimeous St. Brown,CHI,WR,132,32.0,15.0,,,,,,,2.0,15.0,0.0,19.0,11.0,142.0,1.0,1%,4%,,,,,
292,WR133,Olamide Zaccheaus,PHI,WR,133,31.0,15.0,,,,,,,0.0,0.0,0.0,19.0,12.0,146.0,1.0,0%,4%,,,,,
293,WR134,Brandon Powell,MIN,WR,134,31.0,15.0,,,,,,,2.0,11.0,0.0,18.0,12.0,129.0,1.0,1%,3%,,,,,
294,WR135,Tre'Quan Smith,NO,WR,135,30.0,15.0,,,,,,,0.0,0.0,0.0,16.0,11.0,128.0,1.0,0%,3%,,,,,
295,WR136,Cedrick Wilson,MIA,WR,136,29.0,15.0,,,,,,,0.0,0.0,0.0,17.0,11.0,127.0,1.0,0%,3%,,,,,
296,WR137,Devin Duvernay,BLT,WR,137,27.0,15.0,,,,,,,7.0,48.0,0.0,10.0,7.0,67.0,1.0,2%,2%,,,,,
297,WR138,Cedric Tillman,CLV,WR,138,26.0,15.0,,,,,,,0.0,0.0,0.0,15.0,10.0,117.0,1.0,0%,3%,,,,,
298,WR139,Nelson Agholor,BLT,WR,139,25.0,15.0,,,,,,,0.0,0.0,0.0,15.0,9.0,116.0,1.0,0%,3%,,,,,
299,WR140,Kavontae Turpin,DAL,WR,140,25.0,15.0,,,,,,,5.0,30.0,0.0,11.0,7.0,82.0,1.0,1%,2%,,,,,
300,WR141,Samori Toure,GB,WR,141,25.0,15.0,,,,,,,0.0,0.0,0.0,16.0,10.0,115.0,1.0,0%,3%,,,,,
301,WR142,Gunner Olszewski,PIT,WR,142,23.0,15.0,,,,,,,9.0,53.0,0.0,10.0,6.0,75.0,0.0,2%,2%,,,,,
302,WR143,Velus Jones Jr.,CHI,WR,143,23.0,15.0,,,,,,,5.0,33.0,0.0,9.0,6.0,70.0,1.0,1%,2%,,,,,
303,WR144,Penny Hart,ATL,WR,144,22.0,15.0,,,,,,,0.0,0.0,0.0,14.0,9.0,103.0,0.0,0%,3%,,,,,
304,WR145,Justin Watson,KC,WR,145,22.0,15.0,,,,,,,0.0,0.0,0.0,12.0,7.0,98.0,1.0,0%,2%,,,,,
305,WR146,Dareke Young,SEA,WR,146,21.0,15.0,,,,,,,0.0,0.0,0.0,12.0,8.0,93.0,1.0,0%,2%,,,,,
306,WR147,Charlie Jones,CIN,WR,147,21.0,15.0,,,,,,,0.0,0.0,0.0,12.0,8.0,90.0,1.0,0%,2%,,,,,
307,WR148,James Washington,NO,WR,148,20.0,15.0,,,,,,,0.0,0.0,0.0,11.0,6.0,96.0,1.0,0%,2%,,,,,
308,WR149,D'Wayne Eskridge,SEA,WR,149,20.0,10.0,,,,,,,3.0,17.0,0.0,11.0,7.0,81.0,0.0,1%,2%,,,,,
309,WR150,Justin Shorter,BUF,WR,150,20.0,15.0,,,,,,,0.0,0.0,0.0,11.0,7.0,84.0,1.0,0%,2%,,,,,
310,WR151,Tre Tucker,LV,WR,151,19.0,15.0,,,,,,,0.0,0.0,0.0,11.0,7.0,90.0,1.0,0%,2%,,,,,
311,WR152,Kendall Hinton,DEN,WR,152,19.0,13.0,,,,,,,2.0,13.0,0.0,10.0,7.0,79.0,0.0,1%,2%,,,,,
312,WR153,Deven Thompkins,TB,WR,153,19.0,15.0,,,,,,,0.0,0.0,0.0,11.0,6.0,77.0,0.0,0%,2%,,,,,
313,WR154,Erik Ezukanma,MIA,WR,154,19.0,14.0,,,,,,,0.0,0.0,0.0,11.0,7.0,79.0,1.0,0%,2%,,,,,
314,WR155,Jalen Reagor,MIN,WR,155,18.0,15.0,,,,,,,2.0,12.0,0.0,9.0,5.0,69.0,0.0,1%,1%,,,,,
315,WR156,Phillip Dorsett,LV,WR,156,18.0,15.0,,,,,,,0.0,0.0,0.0,11.0,6.0,89.0,0.0,0%,2%,,,,,
316,WR157,Danny Gray,SF,WR,157,18.0,15.0,,,,,,,0.0,0.0,0.0,11.0,6.0,78.0,1.0,0%,2%,,,,,
317,WR158,Ray-Ray McCloud,SF,WR,158,17.0,11.0,,,,,,,4.0,29.0,0.0,8.0,5.0,50.0,0.0,1%,2%,,,,,
318,WR159,Tim Jones,JAX,WR,159,17.0,14.0,,,,,,,0.0,0.0,0.0,11.0,7.0,77.0,0.0,0%,2%,,,,,
319,WR160,Shi Smith,CAR,WR,160,17.0,15.0,,,,,,,0.0,0.0,0.0,11.0,6.0,77.0,0.0,0%,2%,,,,,
320,WR161,David Bell,CLV,WR,161,16.0,15.0,,,,,,,0.0,0.0,0.0,10.0,6.0,72.0,0.0,0%,2%,,,,,
321,WR162,Byron Pringle,WAS,WR,162,16.0,14.0,,,,,,,0.0,0.0,0.0,11.0,7.0,70.0,0.0,0%,2%,,,,,
322,WR163,Joseph Ngata,PHI,WR,163,16.0,14.0,,,,,,,0.0,0.0,0.0,9.0,6.0,68.0,0.0,0%,2%,,,,,
323,WR164,Jalen Guyton,LAC,WR,164,16.0,14.0,,,,,,,0.0,0.0,0.0,9.0,5.0,73.0,1.0,0%,1%,,,,,
324,WR165,Noah Brown,HST,WR,165,15.0,15.0,,,,,,,0.0,0.0,0.0,11.0,6.0,72.0,0.0,0%,2%,,,,,
325,WR166,Denzel Mims,DET,WR,166,15.0,15.0,,,,,,,0.0,0.0,0.0,9.0,5.0,77.0,0.0,0%,2%,,,,,
326,WR167,Montrell Washington,DEN,WR,167,15.0,15.0,,,,,,,4.0,27.0,0.0,5.0,3.0,39.0,0.0,1%,1%,,,,,
327,WR168,Scotty Miller,ATL,WR,168,14.0,15.0,,,,,,,0.0,0.0,0.0,9.0,6.0,67.0,0.0,0%,2%,,,,,
328,WR169,Ashton Dulin,IND,WR,169,14.0,14.0,,,,,,,0.0,0.0,0.0,9.0,5.0,63.0,0.0,0%,2%,,,,,
329,WR170,Chris Moore,TEN,WR,170,12.0,14.0,,,,,,,0.0,0.0,0.0,7.0,5.0,56.0,0.0,0%,1%,,,,,
330,WR171,Richie James,KC,WR,171,12.0,15.0,,,,,,,0.0,0.0,0.0,6.0,4.0,42.0,0.0,0%,1%,,,,,
331,WR172,DeAndre Carter,LV,WR,172,12.0,15.0,,,,,,,0.0,0.0,0.0,6.0,4.0,42.0,0.0,0%,1%,,,,,
332,WR173,Cade Johnson,SEA,WR,173,12.0,15.0,,,,,,,0.0,0.0,0.0,7.0,4.0,53.0,0.0,0%,1%,,,,,
333,WR174,Trent Taylor,CIN,WR,174,11.0,15.0,,,,,,,0.0,0.0,0.0,6.0,3.0,42.0,0.0,0%,1%,,,,,
334,WR175,Bryan Edwards,NO,WR,175,9.0,14.0,,,,,,,0.0,0.0,0.0,5.0,3.0,43.0,0.0,0%,1%,,,,,
335,WR176,Lance McCutcheon,LAR,WR,176,9.0,14.0,,,,,,,0.0,0.0,0.0,6.0,4.0,45.0,0.0,0%,1%,,,,,
336,WR177,Chris Conley,SF,WR,177,9.0,14.0,,,,,,,0.0,0.0,0.0,6.0,3.0,44.0,0.0,0%,1%,,,,,
337,WR178,Jalen Brooks,DAL,WR,178,9.0,14.0,,,,,,,0.0,0.0,0.0,5.0,3.0,40.0,0.0,0%,1%,,,,,
338,WR179,Dax Milne,WAS,WR,179,9.0,15.0,,,,,,,0.0,0.0,0.0,5.0,3.0,35.0,0.0,0%,1%,,,,,
339,WR180,Kayshon Boutte,NE,WR,180,9.0,14.0,,,,,,,0.0,0.0,0.0,5.0,3.0,39.0,0.0,0%,1%,,,,,
340,WR181,Miles Boykin,PIT,WR,181,8.0,14.0,,,,,,,0.0,0.0,0.0,5.0,3.0,37.0,0.0,0%,1%,,,,,
341,WR182,Grant DuBose,GB,WR,182,8.0,14.0,,,,,,,0.0,0.0,0.0,5.0,3.0,36.0,0.0,0%,1%,,,,,
342,WR183,Alex Erickson,NYJ,WR,183,8.0,14.0,,,,,,,0.0,0.0,0.0,5.0,3.0,38.0,0.0,0%,1%,,,,,
343,WR184,Xavier Hutchinson,HST,WR,184,8.0,14.0,,,,,,,0.0,0.0,0.0,5.0,3.0,36.0,0.0,0%,1%,,,,,
344,WR185,Andre Baccellia,ARZ,WR,185,8.0,14.0,,,,,,,0.0,0.0,0.0,5.0,3.0,37.0,0.0,0%,1%,,,,,
345,WR186,Tyler Scott,CHI,WR,186,8.0,14.0,,,,,,,0.0,0.0,0.0,5.0,3.0,33.0,0.0,0%,1%,,,,,
346,WR187,Derius Davis,LAC,WR,187,8.0,15.0,,,,,,,0.0,0.0,0.0,3.0,2.0,21.0,0.0,0%,0%,,,,,
347,WR188,James Proche,BLT,WR,188,7.0,14.0,,,,,,,0.0,0.0,0.0,5.0,3.0,33.0,0.0,0%,1%,,,,,
348,WR189,Breshad Perriman,IND,WR,189,7.0,14.0,,,,,,,0.0,0.0,0.0,5.0,2.0,38.0,0.0,0%,1%,,,,,
349,WR190,Frank Darby,ATL,WR,190,7.0,14.0,,,,,,,0.0,0.0,0.0,5.0,3.0,33.0,0.0,0%,1%,,,,,
350,WR191,Jalen Nailor,MIN,WR,191,5.0,14.0,,,,,,,0.0,0.0,0.0,3.0,2.0,22.0,0.0,0%,0%,,,,,
351,WR192,Brandon Johnson,DEN,WR,192,4.0,14.0,,,,,,,0.0,0.0,0.0,2.0,2.0,19.0,0.0,0%,0%,,,,,
352,WR193,Jakeem Grant,CLV,WR,193,4.0,15.0,,,,,,,0.0,0.0,0.0,0.0,0.0,0.0,0.0,0%,0%,,,,,
353,WR194,Racey McMath,TEN,WR,194,4.0,14.0,,,,,,,0.0,0.0,0.0,2.0,1.0,19.0,0.0,0%,0%,,,,,
354,WR195,Cody Thompson,SEA,WR,195,3.0,4.0,,,,,,,0.0,0.0,0.0,2.0,1.0,12.0,0.0,0%,0%,,,,,
355,WR196,Trinity Benson,DET,WR,196,3.0,4.0,,,,,,,0.0,0.0,0.0,2.0,1.0,12.0,0.0,0%,0%,,,,,
356,WR197,Steven Sims Jr.,HST,WR,197,2.0,15.0,,,,,,,0.0,0.0,0.0,0.0,0.0,0.0,0.0,0%,0%,,,,,
357,WR198,Britain Covey,PHI,WR,198,1.0,15.0,,,,,,,0.0,0.0,0.0,0.0,0.0,0.0,0.0,0%,0%,,,,,
358,TE1,Travis Kelce,KC,TE,1,278.0,15.0,,,,,,,4.0,15.0,0.0,136.0,101.0,1143.0,10.0,1%,22%,,,,,
359,TE2,Mark Andrews,BLT,TE,2,206.0,15.0,,,,,,,5.0,18.0,0.0,111.0,73.0,866.0,7.0,1%,22%,,,,,
360,TE3,T.J. Hockenson,MIN,TE,3,193.0,15.0,,,,,,,0.0,0.0,0.0,110.0,75.0,847.0,5.0,0%,18%,,,,,
361,TE4,Darren Waller,NYG,TE,4,186.0,15.0,,,,,,,0.0,0.0,0.0,101.0,67.0,813.0,6.0,0%,18%,,,,,
362,TE5,George Kittle,SF,TE,5,166.0,15.0,,,,,,,2.0,11.0,0.0,86.0,61.0,716.0,5.0,1%,17%,,,,,
363,TE6,Kyle Pitts,ATL,TE,6,161.0,15.0,,,,,,,0.0,0.0,0.0,93.0,55.0,820.0,4.0,0%,19%,,,,,
364,TE7,Evan Engram,JAX,TE,7,149.0,15.0,,,,,,,2.0,9.0,0.0,87.0,59.0,651.0,4.0,1%,15%,,,,,
365,TE8,Pat Freiermuth,PIT,TE,8,149.0,15.0,,,,,,,0.0,0.0,0.0,88.0,60.0,643.0,4.0,0%,16%,,,,,
366,TE9,Dallas Goedert,PHI,TE,9,148.0,14.0,,,,,,,0.0,0.0,0.0,81.0,62.0,638.0,4.0,0%,16%,,,,,
367,TE10,Tyler Higbee,LAR,TE,10,143.0,15.0,,,,,,,0.0,0.0,0.0,88.0,61.0,603.0,4.0,0%,14%,,,,,
368,TE11,David Njoku,CLV,TE,11,139.0,14.0,,,,,,,2.0,9.0,0.0,71.0,51.0,570.0,5.0,1%,14%,,,,,
369,TE12,Cole Kmet,CHI,TE,12,136.0,15.0,,,,,,,0.0,0.0,0.0,78.0,54.0,579.0,4.0,0%,16%,,,,,
370,TE13,Dalton Schultz,HST,TE,13,135.0,15.0,,,,,,,0.0,0.0,0.0,83.0,55.0,550.0,4.0,0%,15%,,,,,
371,TE14,Zach Ertz,ARZ,TE,14,131.0,14.0,,,,,,,0.0,0.0,0.0,79.0,52.0,509.0,5.0,0%,14%,,,,,
372,TE15,Gerald Everett,LAC,TE,15,121.0,15.0,,,,,,,0.0,0.0,0.0,69.0,47.0,512.0,4.0,0%,11%,,,,,
373,TE16,Dalton Kincaid,BUF,TE,16,121.0,15.0,,,,,,,0.0,0.0,0.0,68.0,46.0,495.0,4.0,0%,12%,,,,,
374,TE17,Chigoziem Okonkwo,TEN,TE,17,119.0,15.0,,,,,,,5.0,14.0,0.0,62.0,43.0,515.0,4.0,1%,12%,,,,,
375,TE18,Logan Thomas,WAS,TE,18,114.0,15.0,,,,,,,0.0,0.0,0.0,74.0,47.0,469.0,3.0,0%,13%,,,,,
376,TE19,Tyler Conklin,NYJ,TE,19,113.0,15.0,,,,,,,0.0,0.0,0.0,67.0,47.0,480.0,3.0,0%,12%,,,,,
377,TE20,Jelani Woods,IND,TE,20,111.0,15.0,,,,,,,0.0,0.0,0.0,63.0,40.0,481.0,4.0,0%,13%,,,,,
378,TE21,Sam LaPorta,DET,TE,21,111.0,15.0,,,,,,,0.0,0.0,0.0,62.0,42.0,471.0,4.0,0%,11%,,,,,
379,TE22,Greg Dulcich,DEN,TE,22,110.0,15.0,,,,,,,0.0,0.0,0.0,63.0,42.0,513.0,3.0,0%,12%,,,,,
380,TE23,Juwan Johnson,NO,TE,23,109.0,15.0,,,,,,,0.0,0.0,0.0,59.0,38.0,463.0,4.0,0%,11%,,,,,
381,TE24,Mike Gesicki,NE,TE,24,108.0,15.0,,,,,,,0.0,0.0,0.0,63.0,39.0,455.0,4.0,0%,11%,,,,,
382,TE25,Irv Smith Jr.,CIN,TE,25,107.0,15.0,,,,,,,0.0,0.0,0.0,61.0,44.0,397.0,4.0,0%,10%,,,,,
383,TE26,Hayden Hurst,CAR,TE,26,107.0,15.0,,,,,,,0.0,0.0,0.0,68.0,49.0,440.0,2.0,0%,12%,,,,,
384,TE27,Dawson Knox,BUF,TE,27,102.0,15.0,,,,,,,0.0,0.0,0.0,56.0,38.0,409.0,4.0,0%,9%,,,,,
385,TE28,Noah Fant,SEA,TE,28,102.0,15.0,,,,,,,0.0,0.0,0.0,56.0,41.0,405.0,3.0,0%,10%,,,,,
386,TE29,Cade Otton,TB,TE,29,101.0,15.0,,,,,,,0.0,0.0,0.0,62.0,39.0,441.0,3.0,0%,11%,,,,,
387,TE30,Hunter Henry,NE,TE,30,96.0,15.0,,,,,,,0.0,0.0,0.0,57.0,39.0,424.0,2.0,0%,10%,,,,,
388,TE31,Luke Musgrave,GB,TE,31,92.0,15.0,,,,,,,0.0,0.0,0.0,55.0,37.0,395.0,3.0,0%,10%,,,,,
389,TE32,Austin Hooper,LV,TE,32,89.0,15.0,,,,,,,0.0,0.0,0.0,54.0,36.0,368.0,3.0,0%,9%,,,,,
390,TE33,Michael Mayer,LV,TE,33,88.0,15.0,,,,,,,0.0,0.0,0.0,50.0,33.0,377.0,3.0,0%,8%,,,,,
391,TE34,Jake Ferguson,DAL,TE,34,81.0,15.0,,,,,,,0.0,0.0,0.0,45.0,33.0,332.0,3.0,0%,8%,,,,,
392,TE35,Taysom Hill,NO,TE,35,74.0,15.0,,,,,,,59.0,315.0,3.0,10.0,7.0,78.0,1.0,13%,2%,,,,,
393,TE36,Trey McBride,ARZ,TE,36,63.0,15.0,,,,,,,0.0,0.0,0.0,41.0,28.0,275.0,1.0,0%,7%,,,,,
394,TE37,Will Dissly,SEA,TE,37,61.0,15.0,,,,,,,0.0,0.0,0.0,34.0,27.0,238.0,2.0,0%,6%,,,,,
395,TE38,Isaiah Likely,BLT,TE,38,60.0,15.0,,,,,,,0.0,0.0,0.0,35.0,23.0,237.0,2.0,0%,7%,,,,,
396,TE39,Jonnu Smith,ATL,TE,39,59.0,15.0,,,,,,,0.0,0.0,0.0,34.0,24.0,261.0,2.0,0%,7%,,,,,
397,TE40,Noah Gray,KC,TE,40,57.0,15.0,,,,,,,0.0,0.0,0.0,31.0,22.0,223.0,2.0,0%,5%,,,,,
398,TE41,Foster Moreau,NO,TE,41,51.0,15.0,,,,,,,0.0,0.0,0.0,27.0,17.0,226.0,2.0,0%,5%,,,,,
399,TE42,Hunter Long,LAR,TE,42,51.0,15.0,,,,,,,0.0,0.0,0.0,31.0,20.0,218.0,1.0,0%,5%,,,,,
400,TE43,Luke Schoonmaker,DAL,TE,43,50.0,15.0,,,,,,,0.0,0.0,0.0,28.0,19.0,202.0,2.0,0%,5%,,,,,
401,TE44,Durham Smythe,MIA,TE,44,50.0,15.0,,,,,,,0.0,0.0,0.0,29.0,21.0,182.0,2.0,0%,5%,,,,,
402,TE45,Tommy Tremble,CAR,TE,45,48.0,15.0,,,,,,,0.0,0.0,0.0,28.0,17.0,193.0,2.0,0%,5%,,,,,
403,TE46,Teagan Quitoriano,HST,TE,46,47.0,15.0,,,,,,,0.0,0.0,0.0,27.0,17.0,204.0,2.0,0%,5%,,,,,
404,TE47,Donald Parham,LAC,TE,47,46.0,15.0,,,,,,,0.0,0.0,0.0,25.0,17.0,175.0,2.0,0%,4%,,,,,
405,TE48,Daniel Bellinger,NYG,TE,48,46.0,15.0,,,,,,,0.0,0.0,0.0,27.0,20.0,179.0,1.0,0%,5%,,,,,
406,TE49,Jody Fortson,KC,TE,49,46.0,15.0,,,,,,,0.0,0.0,0.0,24.0,16.0,172.0,2.0,0%,4%,,,,,
407,TE50,Ko Kieft,TB,TE,50,46.0,15.0,,,,,,,0.0,0.0,0.0,28.0,18.0,200.0,1.0,0%,5%,,,,,
408,TE51,Tucker Kraft,GB,TE,51,46.0,15.0,,,,,,,0.0,0.0,0.0,27.0,18.0,193.0,1.0,0%,5%,,,,,
409,TE52,Harrison Bryant,CLV,TE,52,45.0,15.0,,,,,,,0.0,0.0,0.0,25.0,18.0,172.0,2.0,0%,5%,,,,,
410,TE53,Mo Alie-Cox,IND,TE,53,43.0,15.0,,,,,,,0.0,0.0,0.0,24.0,15.0,178.0,2.0,0%,5%,,,,,
411,TE54,Josh Oliver,MIN,TE,54,42.0,15.0,,,,,,,0.0,0.0,0.0,24.0,16.0,174.0,1.0,0%,4%,,,,,
412,TE55,Connor Heyward,PIT,TE,55,41.0,15.0,,,,,,,5.0,15.0,0.0,21.0,15.0,156.0,1.0,1%,4%,,,,,
413,TE56,Brock Wright,DET,TE,56,41.0,15.0,,,,,,,0.0,0.0,0.0,22.0,15.0,168.0,1.0,0%,4%,,,,,
414,TE57,Eric Saubert,MIA,TE,57,40.0,15.0,,,,,,,0.0,0.0,0.0,23.0,15.0,157.0,2.0,0%,4%,,,,,
415,TE58,Brenton Strange,JAX,TE,58,39.0,15.0,,,,,,,0.0,0.0,0.0,23.0,15.0,159.0,1.0,0%,4%,,,,,
416,TE59,C.J. Uzomah,NYJ,TE,59,39.0,15.0,,,,,,,0.0,0.0,0.0,22.0,17.0,148.0,1.0,0%,4%,,,,,
417,TE60,Adam Trautman,DEN,TE,60,36.0,15.0,,,,,,,0.0,0.0,0.0,21.0,15.0,148.0,1.0,0%,4%,,,,,
418,TE61,Trevon Wesco,TEN,TE,61,35.0,15.0,,,,,,,0.0,0.0,0.0,21.0,13.0,149.0,1.0,0%,4%,,,,,
419,TE62,Ian Thomas,CAR,TE,62,33.0,15.0,,,,,,,0.0,0.0,0.0,23.0,14.0,156.0,1.0,0%,4%,,,,,
420,TE63,Peyton Hendershot,DAL,TE,63,30.0,15.0,,,,,,,0.0,0.0,0.0,17.0,11.0,119.0,1.0,0%,3%,,,,,
421,TE64,Robert Tonyan,CHI,TE,64,29.0,15.0,,,,,,,0.0,0.0,0.0,17.0,13.0,112.0,1.0,0%,3%,,,,,
422,TE65,Colby Parkinson,SEA,TE,65,29.0,15.0,,,,,,,0.0,0.0,0.0,16.0,11.0,117.0,1.0,0%,3%,,,,,
423,TE66,Jordan Akins,CLV,TE,66,28.0,15.0,,,,,,,0.0,0.0,0.0,15.0,10.0,118.0,1.0,0%,3%,,,,,
424,TE67,Josiah Deguara,GB,TE,67,26.0,15.0,,,,,,,0.0,0.0,0.0,16.0,11.0,112.0,1.0,0%,3%,,,,,
425,TE68,Kevin Rader,TEN,TE,68,26.0,15.0,,,,,,,0.0,0.0,0.0,15.0,10.0,110.0,1.0,0%,3%,,,,,
426,TE69,John Bates,WAS,TE,69,26.0,15.0,,,,,,,0.0,0.0,0.0,17.0,11.0,108.0,1.0,0%,3%,,,,,
427,TE70,Will Mallory,IND,TE,70,24.0,15.0,,,,,,,0.0,0.0,0.0,15.0,9.0,102.0,1.0,0%,3%,,,,,
428,TE71,Cameron Latu,SF,TE,71,21.0,15.0,,,,,,,0.0,0.0,0.0,12.0,8.0,87.0,1.0,0%,2%,,,,,
429,TE72,Tre' McKitty,LAC,TE,72,21.0,15.0,,,,,,,0.0,0.0,0.0,12.0,8.0,81.0,1.0,0%,2%,,,,,
430,TE73,Drew Sample,CIN,TE,73,21.0,15.0,,,,,,,0.0,0.0,0.0,12.0,9.0,79.0,1.0,0%,2%,,,,,
431,TE74,Tyler Kroft,MIA,TE,74,20.0,15.0,,,,,,,0.0,0.0,0.0,12.0,8.0,79.0,1.0,0%,2%,,,,,
432,TE75,Johnny Mundt,MIN,TE,75,20.0,15.0,,,,,,,0.0,0.0,0.0,12.0,9.0,81.0,1.0,0%,2%,,,,,
433,TE76,Brycen Hopkins,LAR,TE,76,20.0,15.0,,,,,,,0.0,0.0,0.0,12.0,8.0,87.0,1.0,0%,2%,,,,,
434,TE77,Darnell Washington,PIT,TE,77,19.0,15.0,,,,,,,0.0,0.0,0.0,11.0,7.0,78.0,1.0,0%,2%,,,,,
435,TE78,Chris Manhertz,DEN,TE,78,18.0,15.0,,,,,,,0.0,0.0,0.0,10.0,7.0,74.0,1.0,0%,2%,,,,,
436,TE79,Charlie Kolar,BLT,TE,79,18.0,15.0,,,,,,,0.0,0.0,0.0,10.0,7.0,69.0,1.0,0%,2%,,,,,
437,TE80,Dan Arnold,PHI,TE,80,17.0,15.0,,,,,,,0.0,0.0,0.0,10.0,7.0,76.0,1.0,0%,2%,,,,,
438,D/ST1,49ers,SF,D/ST,1,134.23,,,,,,13.0,,,,,,,,,,,44.0,9.0,2.0,321.0,5689.0
439,D/ST2,Steelers,PIT,D/ST,2,133.75,,,,,,14.0,,,,,,,,,,,44.0,9.0,2.0,328.0,5650.0
440,D/ST3,Bills,BUF,D/ST,3,125.05,,,,,,14.0,,,,,,,,,,,43.0,9.0,3.0,336.0,5759.0
441,D/ST4,Saints,NO,D/ST,4,132.93,,,,,,14.0,,,,,,,,,,,40.0,9.0,2.0,321.0,5621.0
442,D/ST5,Dolphins,MIA,D/ST,5,128.62,,,,,,13.0,,,,,,,,,,,43.0,9.0,2.0,329.0,5696.0
443,D/ST6,Cowboys,DAL,D/ST,6,125.29,,,,,,13.0,,,,,,,,,,,43.0,9.0,2.0,336.0,5705.0
444,D/ST7,Browns,CLV,D/ST,7,125.69,,,,,,14.0,,,,,,,,,,,44.0,9.0,3.0,351.0,5719.0
445,D/ST8,Jets,NYJ,D/ST,8,112.13,,,,,,13.0,,,,,,,,,,,42.0,9.0,3.0,353.0,5823.0
446,D/ST9,Patriots,NE,D/ST,9,106.6,,,,,,13.0,,,,,,,,,,,41.0,9.0,3.0,367.0,5812.0
447,D/ST10,Packers,GB,D/ST,10,111.95,,,,,,13.0,,,,,,,,,,,40.0,9.0,3.0,362.0,5759.0
448,D/ST11,Panthers,CAR,D/ST,11,110.76,,,,,,13.0,,,,,,,,,,,40.0,9.0,2.0,360.0,5803.0
449,D/ST12,Bengals,CIN,D/ST,12,105.08,,,,,,14.0,,,,,,,,,,,42.0,9.0,2.0,364.0,5889.0
450,D/ST13,Commanders,WAS,D/ST,13,103.03,,,,,,12.0,,,,,,,,,,,42.0,9.0,2.0,380.0,5788.0
451,D/ST14,Buccaneers,TB,D/ST,14,102.03,,,,,,13.0,,,,,,,,,,,39.0,9.0,2.0,366.0,5860.0
452,D/ST15,Ravens,BLT,D/ST,15,99.12,,,,,,14.0,,,,,,,,,,,42.0,9.0,3.0,373.0,5964.0
453,D/ST16,Eagles,PHI,D/ST,16,95.34,,,,,,14.0,,,,,,,,,,,45.0,9.0,2.0,376.0,5984.0
454,D/ST17,Titans,TEN,D/ST,17,100.54,,,,,,13.0,,,,,,,,,,,43.0,9.0,2.0,377.0,5868.0
455,D/ST18,Seahawks,SEA,D/ST,18,87.54,,,,,,13.0,,,,,,,,,,,43.0,9.0,2.0,378.0,6006.0
456,D/ST19,Falcons,ATL,D/ST,19,98.87,,,,,,13.0,,,,,,,,,,,41.0,9.0,3.0,375.0,5921.0
457,D/ST20,Chiefs,KC,D/ST,20,84.6,,,,,,14.0,,,,,,,,,,,45.0,9.0,2.0,395.0,6022.0
458,D/ST21,Broncos,DEN,D/ST,21,87.81,,,,,,13.0,,,,,,,,,,,40.0,9.0,2.0,382.0,5949.0
459,D/ST22,Texans,HST,D/ST,22,90.21,,,,,,13.0,,,,,,,,,,,40.0,9.0,3.0,381.0,5920.0
460,D/ST23,Jaguars,JAX,D/ST,23,87.62,,,,,,14.0,,,,,,,,,,,40.0,9.0,3.0,381.0,6001.0
461,D/ST24,Chargers,LAC,D/ST,24,79.22,,,,,,14.0,,,,,,,,,,,41.0,9.0,2.0,393.0,6138.0
462,D/ST25,Colts,IND,D/ST,25,87.06,,,,,,13.0,,,,,,,,,,,40.0,9.0,2.0,381.0,5965.0
463,D/ST26,Giants,NYG,D/ST,26,73.88,,,,,,14.0,,,,,,,,,,,40.0,9.0,2.0,400.0,6172.0
464,D/ST27,Lions,DET,D/ST,27,69.78,,,,,,15.0,,,,,,,,,,,41.0,9.0,2.0,415.0,6251.0
465,D/ST28,Vikings,MIN,D/ST,28,64.14,,,,,,13.0,,,,,,,,,,,38.0,9.0,3.0,418.0,6267.0
466,D/ST29,Bears,CHI,D/ST,29,64.69,,,,,,13.0,,,,,,,,,,,38.0,9.0,2.0,413.0,6250.0
467,D/ST30,Rams,LAR,D/ST,30,64.16,,,,,,12.0,,,,,,,,,,,40.0,9.0,2.0,448.0,6193.0
468,D/ST31,Cardinals,ARZ,D/ST,31,62.59,,,,,,13.0,,,,,,,,,,,38.0,8.0,2.0,438.0,6240.0
469,D/ST32,Raiders,LV,D/ST,32,53.71,,,,,,12.0,,,,,,,,,,,38.0,9.0,2.0,448.0,6297.0
470,K1,Justin Tucker,IDC,K,1,146.19,,,,,,,,,,,,,,,,,,,,,
471,K2,Daniel Carlson,IDC,K,2,140.46,,,,,,,,,,,,,,,,,,,,,
472,K3,Evan McPherson,IDC,K,3,143.54,,,,,,,,,,,,,,,,,,,,,
473,K4,Harrison Butker,IDC,K,4,142.17,,,,,,,,,,,,,,,,,,,,,
474,K5,Graham Gano,IDC,K,5,140.2,,,,,,,,,,,,,,,,,,,,,
475,K6,Jason Myers,IDC,K,6,138.24,,,,,,,,,,,,,,,,,,,,,
476,K7,Tyler Bass,IDC,K,7,139.11,,,,,,,,,,,,,,,,,,,,,
477,K8,Jake Elliott,IDC,K,8,142.38,,,,,,,,,,,,,,,,,,,,,
478,K9,Brett Maher,IDC,K,9,139.65,,,,,,,,,,,,,,,,,,,,,
479,K10,Matt Gay,IDC,K,10,133.46,,,,,,,,,,,,,,,,,,,,,
480,K11,Younghoe Koo,IDC,K,11,134.79,,,,,,,,,,,,,,,,,,,,,
481,K12,Eddy Pineiro,IDC,K,12,129.26,,,,,,,,,,,,,,,,,,,,,
482,K13,Greg Zuerlein,IDC,K,13,135.02,,,,,,,,,,,,,,,,,,,,,
483,K14,Cairo Santos,IDC,K,14,139.36,,,,,,,,,,,,,,,,,,,,,
484,K15,Brandon McManus,IDC,K,15,137.86,,,,,,,,,,,,,,,,,,,,,
485,K16,Jake Moody,IDC,K,16,134.63,,,,,,,,,,,,,,,,,,,,,
486,K17,Cameron Dicker,IDC,K,17,141.07,,,,,,,,,,,,,,,,,,,,,
487,K18,Riley Patterson,IDC,K,18,137.51,,,,,,,,,,,,,,,,,,,,,
488,K19,Greg Joseph,IDC,K,19,136.08,,,,,,,,,,,,,,,,,,,,,
489,K20,Jason Sanders,IDC,K,20,133.74,,,,,,,,,,,,,,,,,,,,,
490,K21,Chris Boswell,IDC,K,21,130.57,,,,,,,,,,,,,,,,,,,,,
491,K22,Matt Prater,IDC,K,22,127.49,,,,,,,,,,,,,,,,,,,,,
492,K23,Cade York,IDC,K,23,130.43,,,,,,,,,,,,,,,,,,,,,
493,K24,Ka'imi Fairbairn,IDC,K,24,127.28,,,,,,,,,,,,,,,,,,,,,
494,K25,Wil Lutz,IDC,K,25,126.01,,,,,,,,,,,,,,,,,,,,,
495,K26,Anders Carlson,IDC,K,26,121.64,,,,,,,,,,,,,,,,,,,,,
496,K27,Chad Ryland,IDC,K,27,122.83,,,,,,,,,,,,,,,,,,,,,
497,K28,Chase McLaughlin,IDC,K,28,119.93,,,,,,,,,,,,,,,,,,,,,
498,K29,Joey Slye,IDC,K,29,117.06,,,,,,,,,,,,,,,,,,,,,
499,K30,Brandon Aubrey,IDC,K,30,131.92,,,,,,,,,,,,,,,,,,,,,
500,K31,Caleb Shudak,IDC,K,31,122.68,,,,,,,,,,,,,,,,,,,,,
501,K32,Tanner Brown,IDC,K,32,122.48,,,,,,,,,,,,,,,,,,,,,
